Name,Slug,Collection ID,Locale ID,Item ID,Archived,Draft,Created On,Updated On,Published On,Image,Part Number,Category,Notes,Price,Quantity,MOQ,Required Hardware,Status,Color,Sort Order
076-104-1 Screws (Pack of 25),work-surface-mounting-bracket-hardware,6792840f3e2f086c5a6871af,66311aaf0b687a3a2e1a054f,67928517ec85ce0e7c3a448c,false,false,Thu Jan 23 2025 18:06:15 GMT+0000 (Coordinated Universal Time),Thu Sep 18 2025 11:34:54 GMT+0000 (Coordinated Universal Time),Thu Sep 18 2025 11:35:18 GMT+0000 (Coordinated Universal Time),https://cdn.prod.website-files.com/66311aaf0b687a3a2e1a0550/6894e831973733d97de493de_Adobe%20Express%20-%20file%20(5).png,076-104-1,Hardware,Screws for Work Surface Mount Bracket for DTG Carts.,25,1,1,,,,HA 011
120W Pure Sine Wave Inverter,120w-pure-sine-wave-inverter,6792840f3e2f086c5a6871af,66311aaf0b687a3a2e1a054f,6792851b5af9fdabaec1650b,false,false,Thu Jan 23 2025 18:06:19 GMT+0000 (Coordinated Universal Time),Thu Sep 18 2025 11:34:55 GMT+0000 (Coordinated Universal Time),Thu Sep 18 2025 11:35:18 GMT+0000 (Coordinated Universal Time),https://cdn.prod.website-files.com/66311aaf0b687a3a2e1a0550/6894e7151231b89cdb8f5037_Adobe%20Express%20-%20file%20(5).png,DTG-120-12,Power,"Samlex 120W, 12V, 60 Hz, Pure Sine Wave Inverter. With USB charging port & AC outlet. ETL Listed & UL60601.",135,1,1,,4 Pin Cable,,INV1
150W Pure Sine Wave Inverter (12V),150w-pure-sine-wave-inverter,6792840f3e2f086c5a6871af,66311aaf0b687a3a2e1a054f,67928518ec85ce0e7c3a44f6,false,false,Thu Jan 23 2025 18:06:16 GMT+0000 (Coordinated Universal Time),Thu Sep 18 2025 11:34:55 GMT+0000 (Coordinated Universal Time),Thu Sep 18 2025 11:35:18 GMT+0000 (Coordinated Universal Time),https://cdn.prod.website-files.com/66311aaf0b687a3a2e1a0550/6894e9704b855f44319a0e4c_Adobe%20Express%20-%20file%20(4).png,DTG-150-12,Power,"Samlex 150W, 12V, 60 Hz, Pure Sine Wave Inverter. With USB charging port & AC outlet. ETL Listed & UL60601.",200,1,1,,4 Pin Cable,,powerinv2
300W Pure Sine Wave Inverter (12V),300w-pure-sine-wave-inverter-2,6792840f3e2f086c5a6871af,66311aaf0b687a3a2e1a054f,68b715842e2bbb837fd6ed6c,false,false,Tue Sep 02 2025 16:04:20 GMT+0000 (Coordinated Universal Time),Thu Sep 18 2025 11:34:58 GMT+0000 (Coordinated Universal Time),Thu Sep 18 2025 11:35:18 GMT+0000 (Coordinated Universal Time),https://cdn.prod.website-files.com/66311aaf0b687a3a2e1a0550/6894e3b40dfafce164c88999_Adobe%20Express%20-%20file%20(6).png,PST-300-12,Power,"Pure Sine Wave Inverter Input: 12 VDC Output: 120 VAC 300 Watts, ETL Approved",240,1,1,dc-power-output-cable---4-pin,4 Pin Cable,,powerinv3
300W Pure Sine Wave Inverter (24V),300w-pure-sine-wave-inverter,6792840f3e2f086c5a6871af,66311aaf0b687a3a2e1a054f,6792851bfb266591db67b390,false,false,Thu Jan 23 2025 18:06:19 GMT+0000 (Coordinated Universal Time),Thu Sep 18 2025 11:34:58 GMT+0000 (Coordinated Universal Time),Thu Sep 18 2025 11:35:18 GMT+0000 (Coordinated Universal Time),https://cdn.prod.website-files.com/66311aaf0b687a3a2e1a0550/6894e3b40dfafce164c88999_Adobe%20Express%20-%20file%20(6).png,PST-300-24,Power,"Pure Sine Wave Inverter Input: 24 VDC Output: 120 VAC 300 Watts, ETL Approved",255,1,1,dc-power-output-cable---6-pin,6 Pin Cable,,powerinv3
31161518 Screws (Pack of 100),printer-cover-shelf-plates-rear-panel-screw,6792840f3e2f086c5a6871af,66311aaf0b687a3a2e1a054f,67928522b926d2eb8440ac00,false,false,Thu Jan 23 2025 18:06:26 GMT+0000 (Coordinated Universal Time),Thu Sep 18 2025 11:34:54 GMT+0000 (Coordinated Universal Time),Thu Sep 18 2025 11:35:18 GMT+0000 (Coordinated Universal Time),https://cdn.prod.website-files.com/66311aaf0b687a3a2e1a0550/68a626a2b4c7f1399ee07401_Frame%2033.png,31161518,Hardware,"1 1/2"" (Size 10/24) Steel Button Head Cap Screws with Hexagon Socket for Printer Cover, Shelf Plates, and all Rear Panels. (Pack of 100)",100,1,1,,,,HA01
31161518 Screws - DELETE,hardware-31161518,6792840f3e2f086c5a6871af,66311aaf0b687a3a2e1a054f,67a4d3e206f0684dd10eb761,true,false,Thu Feb 06 2025 15:23:14 GMT+0000 (Coordinated Universal Time),Thu Sep 18 2025 11:34:54 GMT+0000 (Coordinated Universal Time),,https://cdn.prod.website-files.com/66311aaf0b687a3a2e1a0550/6895f3953b0317e075770743_Adobe%20Express%20-%20file%20(3).png,31161518,Hardware,"1 1/2"" (Size 10/24) Steel Button Head Cap Screws with Hexagon Socket for Printer Cover, Shelf Plates, and all Rear Panels. (Pack of 100)",100,1,1,,,,HA003
4 Pin DC Power Output Cable,dc-power-output-cable---4-pin,6792840f3e2f086c5a6871af,66311aaf0b687a3a2e1a054f,6792851a3ab63a432c358217,false,false,Thu Jan 23 2025 18:06:18 GMT+0000 (Coordinated Universal Time),Thu Sep 18 2025 11:34:57 GMT+0000 (Coordinated Universal Time),Thu Sep 18 2025 11:35:18 GMT+0000 (Coordinated Universal Time),https://cdn.prod.website-files.com/66311aaf0b687a3a2e1a0550/6894e04111c57d713c6049de_Adobe%20Express%20-%20file%20(1).png,DTG-PA-NA-NNA-S1,Wiring,4 Pin DC Power Output Cable.,34,1,1,,,,cab4
6FT 18 AWG Universal Power Cord,6ft-18-awg-universal-power-cord-,6792840f3e2f086c5a6871af,66311aaf0b687a3a2e1a054f,6792851838906b382ce02bdc,false,false,Thu Jan 23 2025 18:06:16 GMT+0000 (Coordinated Universal Time),Thu Sep 18 2025 11:34:54 GMT+0000 (Coordinated Universal Time),Thu Sep 18 2025 11:35:18 GMT+0000 (Coordinated Universal Time),https://cdn.prod.website-files.com/66311aaf0b687a3a2e1a0550/6894ea2caa59e9c3ab384e1e_Adobe%20Express%20-%20file%20(8).png,3130,Wiring,6' 18 AWG Univeral Power Cord (NEMA 5-15P TO IEC320C13) (TAA Compliant),8,1,1,,,,
6FT Coiled Power Cord,coiled-power-cord,6792840f3e2f086c5a6871af,66311aaf0b687a3a2e1a054f,685991b8f7e29fdd6b90b152,true,false,Mon Jun 23 2025 17:41:12 GMT+0000 (Coordinated Universal Time),Thu Sep 18 2025 11:34:57 GMT+0000 (Coordinated Universal Time),,https://cdn.prod.website-files.com/66311aaf0b687a3a2e1a0550/6895f3fdc26abd3cc9c3800f_Adobe%20Express%20-%20file%20(5).png,DTG-PA-NA-NNA-S2,,Black - Hospital Grade -NEMA 5-15P to IEC320C13. Connector 1: 3-prong flat grounded plug Male (NEMA 5-15P); Connector 2: 3-pin shroud Female C13 (IEC320C13); TAA Compliant.,45,1,1,,,,
6ft CAT6a Ethernet Cable,6ft-cat6a-ethernet-cable,6792840f3e2f086c5a6871af,66311aaf0b687a3a2e1a054f,68939bee192049e617571059,false,false,Wed Aug 06 2025 18:16:14 GMT+0000 (Coordinated Universal Time),Thu Sep 18 2025 11:34:55 GMT+0000 (Coordinated Universal Time),Thu Sep 18 2025 11:35:18 GMT+0000 (Coordinated Universal Time),https://cdn.prod.website-files.com/66311aaf0b687a3a2e1a0550/689607a9d428cb749c53c605_Adobe%20Express%20-%20file%20(6).png,C6ASPAT6BK,Wiring,6' CAT6a 10-Gigabit Shielded Snagless RJ45 Ethernet Cable.,22,1,1,,,,cab6
91555A112 Screws (Pack of 6),work-surface-mounting-screw,6792840f3e2f086c5a6871af,66311aaf0b687a3a2e1a054f,67928517a29716250a2e700d,false,false,Thu Jan 23 2025 18:06:15 GMT+0000 (Coordinated Universal Time),Thu Sep 18 2025 11:34:55 GMT+0000 (Coordinated Universal Time),Thu Sep 18 2025 11:35:18 GMT+0000 (Coordinated Universal Time),https://cdn.prod.website-files.com/66311aaf0b687a3a2e1a0550/6894e8b8afc24de1624519a9_Adobe%20Express%20-%20file%20(2).png,91555A112,Hardware,"1"" Long Black-Oxide Steel Screws (#10) for Mounting Worksurface to DTG Carts. (Pack of 6)",6,1,1,,,,HA010
92095A206 Screws (Pack of 100),lift-engine-screws,6792840f3e2f086c5a6871af,66311aaf0b687a3a2e1a054f,67928517de4698ea7fda6e7b,false,false,Thu Jan 23 2025 18:06:15 GMT+0000 (Coordinated Universal Time),Thu Sep 18 2025 11:34:55 GMT+0000 (Coordinated Universal Time),Thu Sep 18 2025 11:35:18 GMT+0000 (Coordinated Universal Time),https://cdn.prod.website-files.com/66311aaf0b687a3a2e1a0550/689610a71d5f632d96476c56_888.png,92095A206,Hardware,92095A206 Lift Engine Screws (Pack of 100),75,1,1,,,,HA009
92360A210 Screws (Pack of 100),white-bracket-screws,6792840f3e2f086c5a6871af,66311aaf0b687a3a2e1a054f,67928519378d93d96ce402bc,false,false,Thu Jan 23 2025 18:06:17 GMT+0000 (Coordinated Universal Time),Thu Sep 18 2025 11:34:55 GMT+0000 (Coordinated Universal Time),Thu Sep 18 2025 11:35:18 GMT+0000 (Coordinated Universal Time),https://cdn.prod.website-files.com/66311aaf0b687a3a2e1a0550/68a626036a2ac25856d09f13_Frame%2035.png,92360A210,Hardware,"1/4"" Long Allow Steel Hex Drive Rounded Head Screws for White Bracket. 10-24 Thread. (Pack of 100)",100,1,1,,,,
92360A420 Screws (Pack of 25),caster-screws,6792840f3e2f086c5a6871af,66311aaf0b687a3a2e1a054f,6792857020cf065da3cd4d76,false,false,Thu Jan 23 2025 18:07:44 GMT+0000 (Coordinated Universal Time),Thu Sep 18 2025 11:34:55 GMT+0000 (Coordinated Universal Time),Thu Sep 18 2025 11:35:18 GMT+0000 (Coordinated Universal Time),https://cdn.prod.website-files.com/66311aaf0b687a3a2e1a0550/68a72c09eb915a24c7b337c3_caster-screw.png,92360A420,Hardware,92360A420 Screws (Pack of 25),25,1,1,,,,HA002
93082A410 Screws (Pack of 100),cradle-controller-screw,6792840f3e2f086c5a6871af,66311aaf0b687a3a2e1a054f,6792851b0c46c61c59eca7e9,false,false,Thu Jan 23 2025 18:06:19 GMT+0000 (Coordinated Universal Time),Thu Sep 18 2025 11:34:55 GMT+0000 (Coordinated Universal Time),Thu Sep 18 2025 11:35:18 GMT+0000 (Coordinated Universal Time),https://cdn.prod.website-files.com/66311aaf0b687a3a2e1a0550/68960bc0df9cd16d217b3f47_777.png,93082A410,Hardware,"1/2"" Phillips Thread-Locking Flat Head Screws for Battery Cradle. 10-24 Thread. (Pack of 100)",75,1,1,,,,HA005
93310A537 Screws (Pack of 100),multi-purpose-screw,6792840f3e2f086c5a6871af,66311aaf0b687a3a2e1a054f,6792851d60f88d9be3a34450,false,false,Thu Jan 23 2025 18:06:21 GMT+0000 (Coordinated Universal Time),Thu Sep 18 2025 11:34:55 GMT+0000 (Coordinated Universal Time),Thu Sep 18 2025 11:35:18 GMT+0000 (Coordinated Universal Time),https://cdn.prod.website-files.com/66311aaf0b687a3a2e1a0550/68960b81596a96d23250e831_6666.png,93310A537,Hardware,"1/4"" Locktite 18-8 Stainless Steel Hex Drive Screw for Printer Stand, White Plate, Monitor Bridge, Shelf Bracket, or Cradle Bracket. 20 Thread Size. (Pack of 100)",100,1,1,,,,HA004
95635A537 Screws (Pack of 100),laptop-security-bracket-screws,6792840f3e2f086c5a6871af,66311aaf0b687a3a2e1a054f,67928519cb05c724e0b4c230,false,false,Thu Jan 23 2025 18:06:17 GMT+0000 (Coordinated Universal Time),Thu Sep 18 2025 11:34:55 GMT+0000 (Coordinated Universal Time),Thu Sep 18 2025 11:35:18 GMT+0000 (Coordinated Universal Time),https://cdn.prod.website-files.com/66311aaf0b687a3a2e1a0550/68a62805230c256e460f6096_Frame%20333.png,95635A537,Hardware,Screws for Laptop Security Bracket. (Pack of 100),100,1,1,,,,HA007
96817A912 Screws (Pack of 100),bottom-housing-cradle-screw,6792840f3e2f086c5a6871af,66311aaf0b687a3a2e1a054f,6792851a8803eb9a44088b1d,false,false,Thu Jan 23 2025 18:06:18 GMT+0000 (Coordinated Universal Time),Thu Sep 18 2025 11:34:55 GMT+0000 (Coordinated Universal Time),Thu Sep 18 2025 11:35:18 GMT+0000 (Coordinated Universal Time),https://cdn.prod.website-files.com/66311aaf0b687a3a2e1a0550/68960b1c942744778293dc11_555.png,96817A912,Hardware,12mm Long 18-8 Stainless Steel Screws for Bottom Battery Cradle Housing. M3 Size. (Pack of 100),100,1,1,,,,HA006
AC Power Y Splitter Cable,ac-power-y-splitter-cable,6792840f3e2f086c5a6871af,66311aaf0b687a3a2e1a054f,6792851c75ee6f4ece5d89bb,false,false,Thu Jan 23 2025 18:06:20 GMT+0000 (Coordinated Universal Time),Thu Sep 18 2025 11:34:57 GMT+0000 (Coordinated Universal Time),Thu Sep 18 2025 11:35:18 GMT+0000 (Coordinated Universal Time),https://cdn.prod.website-files.com/66311aaf0b687a3a2e1a0550/6894e1d8a86e3e2342e7f92d_Adobe%20Express%20-%20file%20(4).png,DTG-PA-NA-NNA-S0,Wiring,Y splitter cable for AC Power Modifled Without Ground.,17,1,1,,,,cab3
Alike-Keyed Standard-Keyed Cam Lock,alike-keyed-standard-keyed-cam-lock,6792840f3e2f086c5a6871af,66311aaf0b687a3a2e1a054f,679285196df63130a0227f8a,false,false,Thu Jan 23 2025 18:06:17 GMT+0000 (Coordinated Universal Time),Thu Sep 18 2025 11:34:58 GMT+0000 (Coordinated Universal Time),Thu Sep 18 2025 11:35:18 GMT+0000 (Coordinated Universal Time),https://cdn.prod.website-files.com/66311aaf0b687a3a2e1a0550/6894e05497d3e2c7628126f1_Adobe%20Express%20-%20file.png,M40054129EN90TJ,Accessory,Alike-Keyed Standard-Keyed Cam Lock for DTG Cart Tech Tray Cover. Key Included.,15,1,5,,,,
Battery Connector - POGO,battery-connector---pogo,6792840f3e2f086c5a6871af,66311aaf0b687a3a2e1a054f,6792851c60348679f984e465,false,false,Thu Jan 23 2025 18:06:20 GMT+0000 (Coordinated Universal Time),Thu Sep 18 2025 11:34:55 GMT+0000 (Coordinated Universal Time),Thu Sep 18 2025 11:35:18 GMT+0000 (Coordinated Universal Time),https://cdn.prod.website-files.com/66311aaf0b687a3a2e1a0550/6894f92143928c598f360e24_Adobe%20Express%20-%20file%20(1).png,DTG-1107-POGO,Power,Replacement Male POGO Connector for DTG X250 & X300 Batteries.,25,1,25,,,,
Battery Cradle Connector - POGO,battery-cradle-connector---pogo,6792840f3e2f086c5a6871af,66311aaf0b687a3a2e1a054f,679285196552d31335364017,false,false,Thu Jan 23 2025 18:06:17 GMT+0000 (Coordinated Universal Time),Thu Sep 18 2025 11:34:55 GMT+0000 (Coordinated Universal Time),Thu Sep 18 2025 11:35:18 GMT+0000 (Coordinated Universal Time),https://cdn.prod.website-files.com/66311aaf0b687a3a2e1a0550/6894f92dff116992f3f147c3_Adobe%20Express%20-%20file.png,DTG-1106-POGO,Power,Replacement Female POGO Connector for UPS Controller & Tri-Bay Charger,25,1,25,,,,
Bottom Rear Cover,bottom-rear-cover,6792840f3e2f086c5a6871af,66311aaf0b687a3a2e1a054f,6792851996d54244e218cec0,false,false,Thu Jan 23 2025 18:06:17 GMT+0000 (Coordinated Universal Time),Thu Sep 18 2025 11:34:56 GMT+0000 (Coordinated Universal Time),Thu Sep 18 2025 11:35:18 GMT+0000 (Coordinated Universal Time),https://cdn.prod.website-files.com/66311aaf0b687a3a2e1a0550/6894e9a8d545590c613a78ef_Adobe%20Express%20-%20file%20(5).png,DTG-B-COVER,Cart Body,Bottom Rear Column Cover for DTG Carts. Screws Not Included.,49,1,1,hardware-31161518,,,
Bottom Rear Cover - Hybrid Power System,bottom-rear-cover---hybrid-power-system,6792840f3e2f086c5a6871af,66311aaf0b687a3a2e1a054f,6792851da044d50cbb7670d6,false,false,Thu Jan 23 2025 18:06:21 GMT+0000 (Coordinated Universal Time),Thu Sep 18 2025 11:34:55 GMT+0000 (Coordinated Universal Time),Thu Sep 18 2025 11:35:18 GMT+0000 (Coordinated Universal Time),https://cdn.prod.website-files.com/66311aaf0b687a3a2e1a0550/6894e681787119a8c2e4c3ca_Adobe%20Express%20-%20file%20(1).png,DTG-15-0014,Cart Body,DTG X300 Hybrid Power System Bottom Rear Cover.,98,1,1,printer-cover-shelf-plates-rear-panel-screw,Contact Us For Availability,,
Bottom Shelf Support Bracket - Left,bottom-shelf-support-bracket---left,6792840f3e2f086c5a6871af,66311aaf0b687a3a2e1a054f,67928518d0fe84bcb00bcf0f,false,false,Thu Jan 23 2025 18:06:16 GMT+0000 (Coordinated Universal Time),Thu Sep 18 2025 11:34:55 GMT+0000 (Coordinated Universal Time),Thu Sep 18 2025 11:35:18 GMT+0000 (Coordinated Universal Time),https://cdn.prod.website-files.com/66311aaf0b687a3a2e1a0550/6894e5eeaa59e9c3ab36ce16_Adobe%20Express%20-%20file%20(5).png,DTG-15-0023,Shelving,Left Bottom Shelf Support Bracket for DTG Carts. Without Mounting Hardware.,38,1,1,multi-purpose-screw,,,
Bottom Shelf Support Bracket - Right,bottom-shelf-support-bracket---right,6792840f3e2f086c5a6871af,66311aaf0b687a3a2e1a054f,679285194e16710fa6e53f27,false,false,Thu Jan 23 2025 18:06:17 GMT+0000 (Coordinated Universal Time),Thu Sep 18 2025 11:34:55 GMT+0000 (Coordinated Universal Time),Thu Sep 18 2025 11:35:18 GMT+0000 (Coordinated Universal Time),https://cdn.prod.website-files.com/66311aaf0b687a3a2e1a0550/6894e5ce04d75ab1f2614e52_Adobe%20Express%20-%20file%20(4).png,DTG-15-0024,Shelving,Right Bottom Shelf Support Bracket for DTG Carts.,38,1,1,multi-purpose-screw,,,
CART.PS,cart-ps,6792840f3e2f086c5a6871af,66311aaf0b687a3a2e1a054f,68939d11412abfcd1fc948e7,false,false,Wed Aug 06 2025 18:21:05 GMT+0000 (Coordinated Universal Time),Thu Sep 18 2025 11:34:57 GMT+0000 (Coordinated Universal Time),Thu Sep 18 2025 11:35:18 GMT+0000 (Coordinated Universal Time),https://cdn.prod.website-files.com/66311aaf0b687a3a2e1a0550/68960701dacfc3160c1d43df_DTG-IP-LP-1XB-C0%20-%20PS%20cart%20neal.png,DTG-PS-001-16DTG.,Cart,"CART.PS - DTG Problem Solver Cart, 18"" Adjustable Height Work Surface, Incl. DTG UPS X300 Controller, Large Bottom Shelf, Small Printer Shelf, 5"" Directional  Locking Casters, Front Handles, Cup Holder. Batteries Not Included.",2183,1,1,,,,a001
Controller Bracket,controller-bracket,6792840f3e2f086c5a6871af,66311aaf0b687a3a2e1a054f,679285173028b099102243da,false,false,Thu Jan 23 2025 18:06:15 GMT+0000 (Coordinated Universal Time),Thu Sep 18 2025 11:34:57 GMT+0000 (Coordinated Universal Time),Thu Sep 18 2025 11:35:18 GMT+0000 (Coordinated Universal Time),https://cdn.prod.website-files.com/66311aaf0b687a3a2e1a0550/68b71e7844f9725f7db90837_bracket.png,DTG-PA-NA-NNA-SB,Accessory,UPS Controller Bracket. Mounting Hardware Not Included.,32,1,1,cradle-controller-screw,,,
Controller Cradle Assembly - POGO,controller-cradle-assembly---pogo,6792840f3e2f086c5a6871af,66311aaf0b687a3a2e1a054f,6792851b1e433a7b73bcaa85,false,false,Thu Jan 23 2025 18:06:19 GMT+0000 (Coordinated Universal Time),Thu Sep 18 2025 11:34:56 GMT+0000 (Coordinated Universal Time),Thu Sep 18 2025 11:35:18 GMT+0000 (Coordinated Universal Time),https://cdn.prod.website-files.com/66311aaf0b687a3a2e1a0550/6894eae024c55e3977305892_Adobe%20Express%20-%20file%20(1).png,DTG-CRADLE-ASSY-P,Power,Controller Cradle Assembly - POGO Connector,70,1,1,cradle-controller-screw,,,
Cord Hook,cord-hook,6792840f3e2f086c5a6871af,66311aaf0b687a3a2e1a054f,6792851aab044c2ad43424bc,false,false,Thu Jan 23 2025 18:06:18 GMT+0000 (Coordinated Universal Time),Thu Sep 18 2025 11:34:56 GMT+0000 (Coordinated Universal Time),Thu Sep 18 2025 11:35:18 GMT+0000 (Coordinated Universal Time),https://cdn.prod.website-files.com/66311aaf0b687a3a2e1a0550/6894e0d507168a08a24cdce0_Adobe%20Express%20-%20file%20(3).png,DTG-IA-NA-0NN-SC2,Accessory,Poser Cord Hook for DTG Carts. Hardware Included.,26,1,1,,,,
Cradle Assembly (No Pins),cradle-assembly,6792840f3e2f086c5a6871af,66311aaf0b687a3a2e1a054f,6792851d52dc3982a7a7c423,false,false,Thu Jan 23 2025 18:06:21 GMT+0000 (Coordinated Universal Time),Thu Sep 18 2025 11:34:56 GMT+0000 (Coordinated Universal Time),Thu Sep 18 2025 11:35:18 GMT+0000 (Coordinated Universal Time),https://cdn.prod.website-files.com/66311aaf0b687a3a2e1a0550/6894eaade667d4259364e1ee_Adobe%20Express%20-%20file%20(10).png,DTG-CRADLE-ASSY-NOPIN,Power,Battery Cradle Assembly with Steel Cradle and Plastic base. Connector Pins Not Included.,42,1,1,battery-cradle-connector---pogo,,,
Cradle Cable - 24”,cradle-cable---24,6792840f3e2f086c5a6871af,66311aaf0b687a3a2e1a054f,67928517854161c4adbb3a6e,false,false,Thu Jan 23 2025 18:06:15 GMT+0000 (Coordinated Universal Time),Thu Sep 18 2025 11:34:55 GMT+0000 (Coordinated Universal Time),Thu Sep 18 2025 11:35:18 GMT+0000 (Coordinated Universal Time),https://cdn.prod.website-files.com/66311aaf0b687a3a2e1a0550/6894e79983499bb6f022887a_Adobe%20Express%20-%20file%20(1).png,DCC-2012-ND,Wiring,"24"" Battery Cradle Power Wire.",24,1,5,,,,cab2
Cradle Cable - 6”,cradle-cable---6,6792840f3e2f086c5a6871af,66311aaf0b687a3a2e1a054f,67928519a044d50cbb766d66,false,false,Thu Jan 23 2025 18:06:17 GMT+0000 (Coordinated Universal Time),Thu Sep 18 2025 11:34:56 GMT+0000 (Coordinated Universal Time),Thu Sep 18 2025 11:35:18 GMT+0000 (Coordinated Universal Time),https://cdn.prod.website-files.com/66311aaf0b687a3a2e1a0550/6894e55f869c0feb6ca7f6d3_Adobe%20Express%20-%20file%20(1).png,DTG-CRDL-BASE-CBL,Wiring,"6"" Battery Cradle MOLEX Cable.",15,1,5,,,,cab1
Cup Holder,cup-holder,6792840f3e2f086c5a6871af,66311aaf0b687a3a2e1a054f,6792851c23e2ca5d5a4df3b4,false,false,Thu Jan 23 2025 18:06:20 GMT+0000 (Coordinated Universal Time),Thu Sep 18 2025 11:34:56 GMT+0000 (Coordinated Universal Time),Thu Sep 18 2025 11:35:18 GMT+0000 (Coordinated Universal Time),https://cdn.prod.website-files.com/66311aaf0b687a3a2e1a0550/6894e285085c75f2451876b1_Adobe%20Express%20-%20file%20(5).png,DTG-LCH-BLK,Accessory,Black Large Cup Holder DTG Cart Work Surface.,7,1,10,,,,
DC Power Output Cable - 6 Pin,dc-power-output-cable---6-pin,6792840f3e2f086c5a6871af,66311aaf0b687a3a2e1a054f,6792851834cb6128d335996c,false,false,Thu Jan 23 2025 18:06:16 GMT+0000 (Coordinated Universal Time),Thu Sep 18 2025 11:35:03 GMT+0000 (Coordinated Universal Time),Thu Sep 18 2025 11:35:18 GMT+0000 (Coordinated Universal Time),https://cdn.prod.website-files.com/66311aaf0b687a3a2e1a0550/6894e88a87872842fb0ff526_Adobe%20Express%20-%20file%20(1).png,APB-1108-06,Wiring,6 Pin DC Power Output Cable.,34,1,1,,,,cab5
DTG Power Booster for Large Thermal Printers,dtg-power-booster-for-large-thermal-printers,6792840f3e2f086c5a6871af,66311aaf0b687a3a2e1a054f,68599218cde09051a1cccd00,true,false,Mon Jun 23 2025 17:42:48 GMT+0000 (Coordinated Universal Time),Thu Sep 18 2025 11:34:57 GMT+0000 (Coordinated Universal Time),,https://cdn.prod.website-files.com/66311aaf0b687a3a2e1a0550/68a5e1da283871ccb338d3c3_DTG%20Power%20Boost%20for%20PS%20Cart%20(1).png,DTG-PA-NA-NNA-01,Power,DTG Power Booster for Large Thermal Printers - Provides up to 300W of Peak Power.,700,1,1,,,,
FBC-1114 Charger Back Plate,charger-back-plate,6792840f3e2f086c5a6871af,66311aaf0b687a3a2e1a054f,6792851b2ca340742a330672,false,false,Thu Jan 23 2025 18:06:19 GMT+0000 (Coordinated Universal Time),Thu Sep 18 2025 11:34:54 GMT+0000 (Coordinated Universal Time),Thu Sep 18 2025 11:35:18 GMT+0000 (Coordinated Universal Time),https://cdn.prod.website-files.com/66311aaf0b687a3a2e1a0550/6894e9edbf54b387e6fe230c_Adobe%20Express%20-%20file%20(7).png,331230,Cart Body,DTG Tri-Bay Battery Charger Back Plate. Mounting Hardware Sold Separately,55,1,1,printer-cover-shelf-plates-rear-panel-screw,,,
"Front Caster - 5"" Directional Lock",caster---5-directional-lock,6792840f3e2f086c5a6871af,66311aaf0b687a3a2e1a054f,6792851a3f7414da93747508,false,false,Thu Jan 23 2025 18:06:18 GMT+0000 (Coordinated Universal Time),Thu Sep 18 2025 11:34:56 GMT+0000 (Coordinated Universal Time),Thu Sep 18 2025 11:35:18 GMT+0000 (Coordinated Universal Time),https://cdn.prod.website-files.com/66311aaf0b687a3a2e1a0550/6894e4ce5c7a552e49818dae_Adobe%20Express%20-%20file%20(5).png,DTG-CART-CAST-5DL,Cart Body,"Front 5"" Directional Caster with Locking Lever",42,1,2,caster-screws,,,cast02
Fuel Gauge,fuel-gauge,6792840f3e2f086c5a6871af,66311aaf0b687a3a2e1a054f,67928517b129d014e763a670,false,false,Thu Jan 23 2025 18:06:15 GMT+0000 (Coordinated Universal Time),Thu Sep 18 2025 11:34:57 GMT+0000 (Coordinated Universal Time),Thu Sep 18 2025 11:35:18 GMT+0000 (Coordinated Universal Time),https://cdn.prod.website-files.com/66311aaf0b687a3a2e1a0550/6894fa537b9446c35cd24ac0_Adobe%20Express%20-%20file%20(2).png,DTG-PWRMTR,Power,Battery Power Meter (Fuel) Gauge. Ethernet Cable Not Included.,225,1,1,6ft-cat6a-ethernet-cable,,,
Label Holder,label-holder,6792840f3e2f086c5a6871af,66311aaf0b687a3a2e1a054f,67928517e5321851a324db16,false,false,Thu Jan 23 2025 18:06:15 GMT+0000 (Coordinated Universal Time),Thu Sep 18 2025 11:34:56 GMT+0000 (Coordinated Universal Time),Thu Sep 18 2025 11:35:18 GMT+0000 (Coordinated Universal Time),https://cdn.prod.website-files.com/66311aaf0b687a3a2e1a0550/6894e4aaef0879a32ffe6eba_Adobe%20Express%20-%20file%20(4).png,DTG-CART-LBLH,Accessory,Side Label Holder Bracket for DTG Carts. Hardware Included.,38,1,1,,,,
Laptop Security Bracket,laptop-security-bracket,6792840f3e2f086c5a6871af,66311aaf0b687a3a2e1a054f,6792851a447a2237cd63eeca,false,false,Thu Jan 23 2025 18:06:18 GMT+0000 (Coordinated Universal Time),Thu Sep 18 2025 11:34:56 GMT+0000 (Coordinated Universal Time),Thu Sep 18 2025 11:35:18 GMT+0000 (Coordinated Universal Time),https://cdn.prod.website-files.com/66311aaf0b687a3a2e1a0550/6894ebd35d0a7289cb0214fe_Adobe%20Express%20-%20file%20(5).png,DTG-CART-LPB,Accessory,Laptop Security Bracket. Hardware and Tool Included.,60,1,1,,,,
Laptop Security Bracket Mounts,laptop-security-bracket-mounts,6792840f3e2f086c5a6871af,66311aaf0b687a3a2e1a054f,6792851c83082541c2a495a5,false,false,Thu Jan 23 2025 18:06:20 GMT+0000 (Coordinated Universal Time),Thu Sep 18 2025 11:34:55 GMT+0000 (Coordinated Universal Time),Thu Sep 18 2025 11:35:18 GMT+0000 (Coordinated Universal Time),https://cdn.prod.website-files.com/66311aaf0b687a3a2e1a0550/6894e8576c4e19f7ec39af4e_Adobe%20Express%20-%20file%20(6).png,25028S,Accessory,Mount for Laptop Security Bracket. Screws Not Included.,12,1,1,laptop-security-bracket-screws,,,
Lift Engine,lift-engine,6792840f3e2f086c5a6871af,66311aaf0b687a3a2e1a054f,67928518974e33bde9034a23,false,false,Thu Jan 23 2025 18:06:16 GMT+0000 (Coordinated Universal Time),Thu Sep 18 2025 11:34:55 GMT+0000 (Coordinated Universal Time),Thu Sep 18 2025 11:35:18 GMT+0000 (Coordinated Universal Time),https://cdn.prod.website-files.com/66311aaf0b687a3a2e1a0550/6894e6ac342342788d11e10d_Adobe%20Express%20-%20file%20(2).png,DTG-15-0013,Accessory,Replacement Adjustable Height Lift Mechanism with Shelf Brackets for DTG Carts. Hardware Not Included.,211,1,1,,,,
Lift Engine - Rev2,lift-engine---rev2,6792840f3e2f086c5a6871af,66311aaf0b687a3a2e1a054f,67928518dd83a06167d3ddab,false,false,Thu Jan 23 2025 18:06:16 GMT+0000 (Coordinated Universal Time),Thu Sep 18 2025 11:34:55 GMT+0000 (Coordinated Universal Time),Thu Sep 18 2025 11:35:18 GMT+0000 (Coordinated Universal Time),https://cdn.prod.website-files.com/66311aaf0b687a3a2e1a0550/6894e5a9a62d8aeb181f6290_Adobe%20Express%20-%20file%20(3).png,DTG-15-0026,Accessory,Rev 2 Replacement Gas-Piston Adjustable Height Lift Mechanism for DTG Carts.,351,1,1,,,,
Lift Engine Handle,lift-engine-handle,6792840f3e2f086c5a6871af,66311aaf0b687a3a2e1a054f,67928518e37f80fca19607cf,false,false,Thu Jan 23 2025 18:06:16 GMT+0000 (Coordinated Universal Time),Thu Sep 18 2025 11:34:54 GMT+0000 (Coordinated Universal Time),Thu Sep 18 2025 11:35:18 GMT+0000 (Coordinated Universal Time),https://cdn.prod.website-files.com/66311aaf0b687a3a2e1a0550/6894e7c3f0d2a0546aff3f1b_Adobe%20Express%20-%20file%20(2).png,20FGS,Accessory,Black Adjustable Lift Handle for DTG Carts.,4,1,10,,,,
Lift Engine Knob,lift-engine-knob,6792840f3e2f086c5a6871af,66311aaf0b687a3a2e1a054f,6792851d19f728bf30615cf8,false,false,Thu Jan 23 2025 18:06:21 GMT+0000 (Coordinated Universal Time),Thu Sep 18 2025 11:34:56 GMT+0000 (Coordinated Universal Time),Thu Sep 18 2025 11:35:18 GMT+0000 (Coordinated Universal Time),https://cdn.prod.website-files.com/66311aaf0b687a3a2e1a0550/6894e5837135a418071a25eb_Adobe%20Express%20-%20file%20(2).png,DTG-CART-AHKNOB,Accessory,Lift Engine Knob for adjustable height DTG Carts. Without Mounting Hardware.,26,1,1,nylon-acorn-nut,,,
Lift Engine Support Bracket - Left,lift-engine-support-bracket---left,6792840f3e2f086c5a6871af,66311aaf0b687a3a2e1a054f,6792851c62487800ebe25ec0,false,false,Thu Jan 23 2025 18:06:20 GMT+0000 (Coordinated Universal Time),Thu Sep 18 2025 11:34:56 GMT+0000 (Coordinated Universal Time),Thu Sep 18 2025 11:35:18 GMT+0000 (Coordinated Universal Time),https://cdn.prod.website-files.com/66311aaf0b687a3a2e1a0550/6894e4fdde822edaad0058ca_Adobe%20Express%20-%20file.png,DTG-CART-LES-L,Cart Body,Left Lift Engine Support Bracket.  Without Mounting Hardware.,33,1,1,lift-engine-screws,,,
Lift Engine Support Bracket - Right,lift-engine-support-bracket---right,6792840f3e2f086c5a6871af,66311aaf0b687a3a2e1a054f,6792851b6df63130a0228162,false,false,Thu Jan 23 2025 18:06:19 GMT+0000 (Coordinated Universal Time),Thu Sep 18 2025 11:34:56 GMT+0000 (Coordinated Universal Time),Thu Sep 18 2025 11:35:18 GMT+0000 (Coordinated Universal Time),https://cdn.prod.website-files.com/66311aaf0b687a3a2e1a0550/6894e47ffe65159605112225_Adobe%20Express%20-%20file%20(3).png,DTG-CART-LES-R,Cart Body,Right Lift Engine Support Bracket.  Without Mounting Hardware.,33,1,1,lift-engine-screws,,,
Locking Tech Tray Cover,locking-tech-tray-cover,6792840f3e2f086c5a6871af,66311aaf0b687a3a2e1a054f,67928518abf8fa78f5874779,false,false,Thu Jan 23 2025 18:06:16 GMT+0000 (Coordinated Universal Time),Thu Sep 18 2025 11:34:55 GMT+0000 (Coordinated Universal Time),Thu Sep 18 2025 11:35:18 GMT+0000 (Coordinated Universal Time),https://cdn.prod.website-files.com/66311aaf0b687a3a2e1a0550/6894e7e795069070aba3f050_Adobe%20Express%20-%20file%20(3).png,24043D-VC,Shelving,Locking Tech Tray Cover with Key for DTG Carts.,130,1,1,,,,
Lower Metal Shelf,lower-metal-shelf,6792840f3e2f086c5a6871af,66311aaf0b687a3a2e1a054f,679285191d134293cc778ae9,false,false,Thu Jan 23 2025 18:06:17 GMT+0000 (Coordinated Universal Time),Thu Sep 18 2025 11:34:56 GMT+0000 (Coordinated Universal Time),Thu Sep 18 2025 11:35:18 GMT+0000 (Coordinated Universal Time),https://cdn.prod.website-files.com/66311aaf0b687a3a2e1a0550/6894e4531c47b6e2835aaa1d_Adobe%20Express%20-%20file%20(2).png,DTG-IA-NA-0NN-SC9,Shelving,4-Sided Lower Metal Shelf for DTG Carts. Without Mounting Hardware.,356,1,1,multi-purpose-screw,,,
MPower Controller - Dual Cradle,dual-cradle-pogo,6792840f3e2f086c5a6871af,66311aaf0b687a3a2e1a054f,679285191add7a9922616eee,false,false,Thu Jan 23 2025 18:06:17 GMT+0000 (Coordinated Universal Time),Thu Sep 18 2025 11:34:56 GMT+0000 (Coordinated Universal Time),Thu Sep 18 2025 11:35:18 GMT+0000 (Coordinated Universal Time),https://cdn.prod.website-files.com/66311aaf0b687a3a2e1a0550/6798f15cb832eed735ce18ad_DTG-P1-NA-2XP-S0.jpg,DTG-P1-NA-2XP-S0,Power,"DTG MPower X300 UPS Controller. Includes RJ45 APB-11084 4 Pin Cable, Battery Power Meter (Fuel) Gauge, 2 Cradle MOLEX Cables, Mounting Bracket, and, Dual Female POGO Steel Cradles.",1100,1,1,,,,
MPower Controller - Single Cradle,dtg-p1-na-1xp-00,6792840f3e2f086c5a6871af,66311aaf0b687a3a2e1a054f,67928519884970d3b08f3782,true,false,Thu Jan 23 2025 18:06:17 GMT+0000 (Coordinated Universal Time),Thu Sep 18 2025 11:34:56 GMT+0000 (Coordinated Universal Time),,https://cdn.prod.website-files.com/66311aaf0b687a3a2e1a0550/6798f17449fbbc462f0cfd1b_DTG-P1-NA-1XP-00.jpg,DTG-P1-NA-1XP-00,Power,MPower Controller. Plug-in to charge or HotSwap (3 DC Outputs) Controller - Pogo Connectors. Single Cradle.,1100,1,1,,,,
MPower X300 Battery,amazon-mpower-x300-battery,6792840f3e2f086c5a6871af,66311aaf0b687a3a2e1a054f,688392f029f842fc00e7bbe6,false,false,Fri Jul 25 2025 14:21:36 GMT+0000 (Coordinated Universal Time),Thu Sep 18 2025 11:34:56 GMT+0000 (Coordinated Universal Time),Thu Sep 18 2025 11:35:18 GMT+0000 (Coordinated Universal Time),https://cdn.prod.website-files.com/66311aaf0b687a3a2e1a0550/6894e0973c0f2f5ae078b70e_Adobe%20Express%20-%20file%20(2).png,DTG-P2-NA-1XP-S0,Power,Definitive Battery (Gray) MPower X300 LFP Swappable Battery.,735,1,1,,,,a002
"Meanwell Battery Charger 453.6W, 24V",meanwell-battery-charger-453-6w-24v,6792840f3e2f086c5a6871af,66311aaf0b687a3a2e1a054f,68598ef3366c4d8b30c7c07f,true,false,Mon Jun 23 2025 17:29:23 GMT+0000 (Coordinated Universal Time),Thu Sep 18 2025 11:34:58 GMT+0000 (Coordinated Universal Time),,https://cdn.prod.website-files.com/66311aaf0b687a3a2e1a0550/6894eb7dbf24f8288d6dc53d_Adobe%20Express%20-%20file%20(4).png,NPB-450-24,Power,"Meanwell Battery Charger 453.6W, 24V",240,1,1,,,,
Middle Rear Panel,middle-rear-panel,6792840f3e2f086c5a6871af,66311aaf0b687a3a2e1a054f,67928517c35d5c608fd7294c,false,false,Thu Jan 23 2025 18:06:15 GMT+0000 (Coordinated Universal Time),Thu Sep 18 2025 11:34:57 GMT+0000 (Coordinated Universal Time),Thu Sep 18 2025 11:35:18 GMT+0000 (Coordinated Universal Time),https://cdn.prod.website-files.com/66311aaf0b687a3a2e1a0550/6894e360d9f2219aada8ff4a_Adobe%20Express%20-%20file%20(4).png,DTG-R-PANEL,Cart Body,Middle Rear Column Panel for DTG Carts. Screws Not Included.,51,1,1,hardware-31161518,,,
Monitor Bridge,monitor-bridge,6792840f3e2f086c5a6871af,66311aaf0b687a3a2e1a054f,6792851a884970d3b08f37bc,false,false,Thu Jan 23 2025 18:06:18 GMT+0000 (Coordinated Universal Time),Thu Sep 18 2025 11:34:56 GMT+0000 (Coordinated Universal Time),Thu Sep 18 2025 11:35:18 GMT+0000 (Coordinated Universal Time),https://cdn.prod.website-files.com/66311aaf0b687a3a2e1a0550/6894e2e22bf1580fc47f1b4c_Adobe%20Express%20-%20file%20(1).png,DTG-IA-NA-0NN-SC5,Accessory,LCD Monitor Bridge for DTG Carts.,570,1,1,multi-purpose-screw,,,
Nylon Acorn Nut,nylon-acorn-nut,6792840f3e2f086c5a6871af,66311aaf0b687a3a2e1a054f,6792851896d54244e218cdd3,false,false,Thu Jan 23 2025 18:06:16 GMT+0000 (Coordinated Universal Time),Thu Sep 18 2025 11:34:56 GMT+0000 (Coordinated Universal Time),Thu Sep 18 2025 11:35:18 GMT+0000 (Coordinated Universal Time),https://cdn.prod.website-files.com/66311aaf0b687a3a2e1a0550/6894e945fc08521c10ac14b2_Adobe%20Express%20-%20file%20(3).png,DTG-CART-AHNUT,Hardware,Nylon Acorn Nut for Adjustable Height Lift Engine Knob on DTG Carts.,2,1,1,,,,
PS Mounting Bracket - Basic,ps-mounting-bracket---basic,6792840f3e2f086c5a6871af,66311aaf0b687a3a2e1a054f,6792851762487800ebe25a5e,false,false,Thu Jan 23 2025 18:06:15 GMT+0000 (Coordinated Universal Time),Thu Sep 18 2025 11:34:57 GMT+0000 (Coordinated Universal Time),Thu Sep 18 2025 11:35:18 GMT+0000 (Coordinated Universal Time),https://cdn.prod.website-files.com/66311aaf0b687a3a2e1a0550/6894e37f3dcc6f12037bc52f_Adobe%20Express%20-%20file%20(5).png,DTG-STD-BRKT,Accessory,Basic Mounting Bracket for DTG Carts.  Without Mounting Hardware.,12,1,1,multi-purpose-screw,,,
Printer Shelf for Zebra Printer,printer-shelf,6792840f3e2f086c5a6871af,66311aaf0b687a3a2e1a054f,67928518e5321851a324dbb8,false,false,Thu Jan 23 2025 18:06:16 GMT+0000 (Coordinated Universal Time),Thu Sep 18 2025 11:34:57 GMT+0000 (Coordinated Universal Time),Thu Sep 18 2025 11:35:18 GMT+0000 (Coordinated Universal Time),https://cdn.prod.website-files.com/66311aaf0b687a3a2e1a0550/6894e13cd34e26b80ee4d551_Adobe%20Express%20-%20file%20(1).png,DTG-ZBR-SHELF.2,Shelving,Printer Shelf for Small Zebra Clamshell Printer. Without Mounting Hardware.,55,1,1,multi-purpose-screw,,,
Problem Solve Retrofit Kit,problem-solve-retrofit-kit,6792840f3e2f086c5a6871af,66311aaf0b687a3a2e1a054f,679285196552d31335364019,false,false,Thu Jan 23 2025 18:06:17 GMT+0000 (Coordinated Universal Time),Thu Sep 18 2025 11:34:56 GMT+0000 (Coordinated Universal Time),Thu Sep 18 2025 11:35:18 GMT+0000 (Coordinated Universal Time),https://cdn.prod.website-files.com/66311aaf0b687a3a2e1a0550/68a5e098b99136df2ebb4a78_Adobe%20Express%20-%20file.png,DTG-P1-0XP-00,Power,CART.PS.PWRKIT.LIFE - DTG Problem Solver Battery Power Retrofit Kit.,1270,1,1,,,,
Rear Caster - 5” Total Lock,caster---5-total-lock,6792840f3e2f086c5a6871af,66311aaf0b687a3a2e1a054f,6792851d20cf065da3ccff16,false,false,Thu Jan 23 2025 18:06:21 GMT+0000 (Coordinated Universal Time),Thu Sep 18 2025 11:34:58 GMT+0000 (Coordinated Universal Time),Thu Sep 18 2025 11:35:18 GMT+0000 (Coordinated Universal Time),https://cdn.prod.website-files.com/66311aaf0b687a3a2e1a0550/6894df54a62d8aeb181d6a64_caster.png,DTGCARTCASTTL,Cart Body,"Rear 5"" Non-Directional Caster with Locking Lever",42,1,2,caster-screws,,,cast01
Retrofit Battery Strap,retrofit-battery-strap,6792840f3e2f086c5a6871af,66311aaf0b687a3a2e1a054f,6792851c198b0972d47406e8,false,false,Thu Jan 23 2025 18:06:20 GMT+0000 (Coordinated Universal Time),Thu Sep 18 2025 11:34:55 GMT+0000 (Coordinated Universal Time),Thu Sep 18 2025 11:35:18 GMT+0000 (Coordinated Universal Time),https://cdn.prod.website-files.com/66311aaf0b687a3a2e1a0550/6894e9ce3f4d10596d9fc517_Adobe%20Express%20-%20file%20(6).png,3955T289,Power,Battery Retrofit Kit Strap to Secure battery in place.,5,1,10,,,,
Samlex 1500W 24V Inverter,samlex-1500w-24v-inverter,6792840f3e2f086c5a6871af,66311aaf0b687a3a2e1a054f,68598d449c674f6151722033,true,false,Mon Jun 23 2025 17:22:12 GMT+0000 (Coordinated Universal Time),Thu Sep 18 2025 11:34:58 GMT+0000 (Coordinated Universal Time),,https://cdn.prod.website-files.com/66311aaf0b687a3a2e1a0550/6894eb553493a1ff84982756_Adobe%20Express%20-%20file%20(3).png,PST-1500-24,Power,Samlex 1500W 24V Inverter,660,1,1,,,,INV4
Scanner Holder,scanner-holder,6792840f3e2f086c5a6871af,66311aaf0b687a3a2e1a054f,67928522b926d2eb8440ac40,false,false,Thu Jan 23 2025 18:06:26 GMT+0000 (Coordinated Universal Time),Thu Sep 18 2025 11:34:56 GMT+0000 (Coordinated Universal Time),Thu Sep 18 2025 11:35:18 GMT+0000 (Coordinated Universal Time),https://cdn.prod.website-files.com/66311aaf0b687a3a2e1a0550/6894e3070f109ee347357f72_Adobe%20Express%20-%20file%20(2).png,DTG-CART-SCNH,Accessory,Scanner Holder Bracket for DTG Carts. Without Mounting Hardware.,33,1,1,multi-purpose-screw,,,
Service,service,6792840f3e2f086c5a6871af,66311aaf0b687a3a2e1a054f,6792851d6df63130a0228440,true,false,Thu Jan 23 2025 18:06:21 GMT+0000 (Coordinated Universal Time),Thu Sep 18 2025 11:34:58 GMT+0000 (Coordinated Universal Time),,https://cdn.prod.website-files.com/66311aaf0b687a3a2e1a0550/6798f1beba6f58e11f4b1d40_Service.jpg,Service_Labor,Service,Labor for servicing equipment,,,1,,,,
Service Travel,service-travel,6792840f3e2f086c5a6871af,66311aaf0b687a3a2e1a054f,6792851d699ab79a1f31de59,true,false,Thu Jan 23 2025 18:06:21 GMT+0000 (Coordinated Universal Time),Thu Sep 18 2025 11:34:58 GMT+0000 (Coordinated Universal Time),,https://cdn.prod.website-files.com/66311aaf0b687a3a2e1a0550/6798f1d426b8c081c2da2c7f_ServiceTravel.jpg,Service_Travel,Service,Traveling time for service equipment,,,1,,,,
Shelf Bracket Fastener Plate (Pins),shelf-bracket-fastener-plate-pins,6792840f3e2f086c5a6871af,66311aaf0b687a3a2e1a054f,6792851dd37c4d3a9585db2b,false,false,Thu Jan 23 2025 18:06:21 GMT+0000 (Coordinated Universal Time),Thu Sep 18 2025 11:34:57 GMT+0000 (Coordinated Universal Time),Thu Sep 18 2025 11:35:18 GMT+0000 (Coordinated Universal Time),https://cdn.prod.website-files.com/66311aaf0b687a3a2e1a0550/6894e33966c11a2aa36f9902_Adobe%20Express%20-%20file%20(3).png,DTG-SHELF-PLATE,Accessory,Shelf Bracket Fastener Plate (Pins). Without Mounting Hardware.,20,1,10,multi-purpose-screw,,,Acc01
Side Printer Shelf,side-printer-shelf,6792840f3e2f086c5a6871af,66311aaf0b687a3a2e1a054f,67a4d24a036811dc6a9aa260,false,false,Thu Feb 06 2025 15:16:26 GMT+0000 (Coordinated Universal Time),Thu Sep 18 2025 11:34:57 GMT+0000 (Coordinated Universal Time),Thu Sep 18 2025 11:35:18 GMT+0000 (Coordinated Universal Time),https://cdn.prod.website-files.com/66311aaf0b687a3a2e1a0550/68a71e7c0055433fa9a35b32_Frame%20335.png,DTG-IA-NA-NNA-00,Shelving,Side Small Printer Shelf for DTG Carts.,155,1,1,multi-purpose-screw,,,
Sliding Mouse Tray,sliding-mouse-tray,6792840f3e2f086c5a6871af,66311aaf0b687a3a2e1a054f,679285181add7a9922616e09,false,false,Thu Jan 23 2025 18:06:16 GMT+0000 (Coordinated Universal Time),Thu Sep 18 2025 11:34:55 GMT+0000 (Coordinated Universal Time),Thu Sep 18 2025 11:35:18 GMT+0000 (Coordinated Universal Time),https://cdn.prod.website-files.com/66311aaf0b687a3a2e1a0550/6894e6d30dcfe48aaaa085cb_Adobe%20Express%20-%20file%20(3).png,DTG-15-0011,Accessory,Sliding Mouse Tray with Brackets and Hardware for DTG Carts.,55,1,1,,,,
Steel Battery Cradle,dtg-stlcrdl,6792840f3e2f086c5a6871af,66311aaf0b687a3a2e1a054f,6792851ab129d014e763a81c,false,false,Thu Jan 23 2025 18:06:18 GMT+0000 (Coordinated Universal Time),Thu Sep 18 2025 11:34:57 GMT+0000 (Coordinated Universal Time),Thu Sep 18 2025 11:35:18 GMT+0000 (Coordinated Universal Time),https://cdn.prod.website-files.com/66311aaf0b687a3a2e1a0550/6894e1b24182e2df10124d0c_Adobe%20Express%20-%20file%20(3).png,DTG-STLCRDL,Power,DTG Steel Battery Cradle.,34,1,1,cradle-controller-screw,,,
Steel Cradle Bracket,steel-cradle-bracket,6792840f3e2f086c5a6871af,66311aaf0b687a3a2e1a054f,6792851c447a2237cd63f123,false,false,Thu Jan 23 2025 18:06:20 GMT+0000 (Coordinated Universal Time),Thu Sep 18 2025 11:34:56 GMT+0000 (Coordinated Universal Time),Thu Sep 18 2025 11:35:18 GMT+0000 (Coordinated Universal Time),https://cdn.prod.website-files.com/66311aaf0b687a3a2e1a0550/6894e2b63dcc6f12037b8f69_Adobe%20Express%20-%20file%20(6).png,DTG-CRDL-BKT,Accessory,Bracket to Mount DTG Steel Battery Craddle to DTG Carts. Without Mounting Hardware.,21,1,5,multi-purpose-screw,,,
Surge Protector Power Strip,surge-protector-power-strip-fnphu,6792840f3e2f086c5a6871af,66311aaf0b687a3a2e1a054f,68939cbcfbf103c1a6a72c41,false,false,Wed Aug 06 2025 18:19:40 GMT+0000 (Coordinated Universal Time),Thu Sep 18 2025 11:34:58 GMT+0000 (Coordinated Universal Time),Thu Sep 18 2025 11:35:18 GMT+0000 (Coordinated Universal Time),https://cdn.prod.website-files.com/66311aaf0b687a3a2e1a0550/6894e1050f109ee34734abe2_Adobe%20Express%20-%20file.png,SPIKECUBE,Wiring,Tripp Lite 1 Outlet Portable Surge Protector Power Strip.,20,1,1,,,,
TS-30 Retrofit Kit for Fixed Battery PS Carts,ts-30-retrofit-kit-for-fixed-battery-ps-carts,6792840f3e2f086c5a6871af,66311aaf0b687a3a2e1a054f,68599257790f249e0e256392,true,false,Mon Jun 23 2025 17:43:51 GMT+0000 (Coordinated Universal Time),Thu Sep 18 2025 11:34:57 GMT+0000 (Coordinated Universal Time),,https://cdn.prod.website-files.com/66311aaf0b687a3a2e1a0550/689609fac2517f4a8a91a2ca_Adobe%20Express%20-%20file%20(9).png,DTG-PA-0050,Power,TS-30 retrofit kit for Fixed Battery PS carts in the field.,225,1,1,,,,
Table Charger Stand,table-charger-stand,6792840f3e2f086c5a6871af,66311aaf0b687a3a2e1a054f,68599118a209e394a8392116,true,false,Mon Jun 23 2025 17:38:32 GMT+0000 (Coordinated Universal Time),Thu Sep 18 2025 11:34:57 GMT+0000 (Coordinated Universal Time),,,DTG-PA-NA-NNA-S3,Power,,205,1,1,,,,
Top Panel,top-panel,6792840f3e2f086c5a6871af,66311aaf0b687a3a2e1a054f,67928518a044d50cbb766c50,false,false,Thu Jan 23 2025 18:06:16 GMT+0000 (Coordinated Universal Time),Thu Sep 18 2025 11:34:55 GMT+0000 (Coordinated Universal Time),Thu Sep 18 2025 11:35:18 GMT+0000 (Coordinated Universal Time),https://cdn.prod.website-files.com/66311aaf0b687a3a2e1a0550/6894e65a168edeb63bba6af2_Adobe%20Express%20-%20file.png,DTG-15-0017,Cart Body,Top Column Panel for DTG Carts. Screws Not Included.,46,1,1,hardware-31161518,,,
Top Work Surface,top-work-surface,6792840f3e2f086c5a6871af,66311aaf0b687a3a2e1a054f,679285183ab63a432c357f0d,false,false,Thu Jan 23 2025 18:06:16 GMT+0000 (Coordinated Universal Time),Thu Sep 18 2025 11:34:55 GMT+0000 (Coordinated Universal Time),Thu Sep 18 2025 11:35:18 GMT+0000 (Coordinated Universal Time),https://cdn.prod.website-files.com/66311aaf0b687a3a2e1a0550/6894e6f3bbd18d37596e09c6_Adobe%20Express%20-%20file%20(4).png,DTG-15-0003,Shelving,Top Work Surface for DTG Carts. Without Mounting Hardware.,245,1,1,work-surface-mounting-screw,,,
Tri-Bay Charger,tri-bay-2-hr-charger,6792840f3e2f086c5a6871af,66311aaf0b687a3a2e1a054f,68960dd6a0721d5c25d80988,false,false,Fri Aug 08 2025 14:46:46 GMT+0000 (Coordinated Universal Time),Thu Sep 18 2025 11:35:03 GMT+0000 (Coordinated Universal Time),Thu Sep 18 2025 11:35:18 GMT+0000 (Coordinated Universal Time),https://cdn.prod.website-files.com/66311aaf0b687a3a2e1a0550/68960dde1b90c0089a7959ec_Adobe%20Express%20-%20file%20(8).png,DTG-P1-NA-3XP-S0,Power,CART.PS.CHRG.LIFE - DTG MPower X300 Tri-Bay Charger - POGO Connector. Charges up to 3 DTG X250 & X300 Batteries within 2-hours.,995,1,1,,,,a003
USB Hub,usb-hub,6792840f3e2f086c5a6871af,66311aaf0b687a3a2e1a054f,67928519a29716250a2e71d4,false,false,Thu Jan 23 2025 18:06:17 GMT+0000 (Coordinated Universal Time),Thu Sep 18 2025 11:34:57 GMT+0000 (Coordinated Universal Time),Thu Sep 18 2025 11:35:18 GMT+0000 (Coordinated Universal Time),https://cdn.prod.website-files.com/66311aaf0b687a3a2e1a0550/6894e15ebcbcf78302dfb28c_Adobe%20Express%20-%20file%20(2).png,DTG-USB-HUB,Wiring,USB Hub includes 3' Extension Cable for DTG Carts.,20,1,1,,,,
Vibration-Damping Loop Clamp,vibration-damping-loop-clamp,6792840f3e2f086c5a6871af,66311aaf0b687a3a2e1a054f,68939c760ff3f39a076fb999,true,false,Wed Aug 06 2025 18:18:30 GMT+0000 (Coordinated Universal Time),Thu Sep 18 2025 11:34:55 GMT+0000 (Coordinated Universal Time),,https://cdn.prod.website-files.com/66311aaf0b687a3a2e1a0550/6895f3cd245c727284b7d20b_Adobe%20Express%20-%20file%20(4).png,3225T23,Hardware,"Vibration-Damping Loop Clamp 304 Stainless Steel with EPDM Rubber Cushion, 3/8"" ID",1,1,1,,,,
Warning Whip Flagpole,warning-whip-flagpole,6792840f3e2f086c5a6871af,66311aaf0b687a3a2e1a054f,689609358687866e3ec1bfad,true,true,Fri Aug 08 2025 14:27:01 GMT+0000 (Coordinated Universal Time),Thu Sep 18 2025 11:34:56 GMT+0000 (Coordinated Universal Time),,,DTG-IA-NA-NNA-01,Accessory,"Warning Whip Flagpole for DTG Industrial Cart - Includes pole, flag, & mounting hardware.",97,1,1,,,,
Work Surface Arm - Left,work-surface-arm---left,6792840f3e2f086c5a6871af,66311aaf0b687a3a2e1a054f,6792851d96d54244e218d048,false,false,Thu Jan 23 2025 18:06:21 GMT+0000 (Coordinated Universal Time),Thu Sep 18 2025 11:34:55 GMT+0000 (Coordinated Universal Time),Thu Sep 18 2025 11:35:18 GMT+0000 (Coordinated Universal Time),https://cdn.prod.website-files.com/66311aaf0b687a3a2e1a0550/6894e611bede0afb72758d40_Adobe%20Express%20-%20file%20(6).png,DTG-15-0019,Shelving,Work Surface Left Arm Bracket for DTG Carts. Without Mounting Hardware.,25,1,1,multi-purpose-screw,,,
Work Surface Arm - Right,work-surface-arm---right,6792840f3e2f086c5a6871af,66311aaf0b687a3a2e1a054f,6792851c1c419a2e0b3f7af3,false,false,Thu Jan 23 2025 18:06:20 GMT+0000 (Coordinated Universal Time),Thu Sep 18 2025 11:34:55 GMT+0000 (Coordinated Universal Time),Thu Sep 18 2025 11:35:18 GMT+0000 (Coordinated Universal Time),https://cdn.prod.website-files.com/66311aaf0b687a3a2e1a0550/6894e62ea6c0816b59f99095_Adobe%20Express%20-%20file%20(7).png,DTG-15-0018,Shelving,Work Surface Right Arm Bracket for DTG Carts. Without Mounting Hardware.,25,1,1,multi-purpose-screw,,,
Work Surface Mounting Bracket,work-surface-mounting-bracket,6792840f3e2f086c5a6871af,66311aaf0b687a3a2e1a054f,67928517c67fb1dbf1527678,false,false,Thu Jan 23 2025 18:06:15 GMT+0000 (Coordinated Universal Time),Thu Sep 18 2025 11:34:55 GMT+0000 (Coordinated Universal Time),Thu Sep 18 2025 11:35:18 GMT+0000 (Coordinated Universal Time),https://cdn.prod.website-files.com/66311aaf0b687a3a2e1a0550/6894e80d82524f776b11c11f_Adobe%20Express%20-%20file%20(4).png,25028T,Shelving,Metal Mounting Plate that attaches to the  bottom of the DTG Cart Work Surface.,14,1,1,work-surface-mounting-screw,,,
